{"data_0": {"data": [-0.4309500465980985, -0.029953695902576613], "target": -1}, "data_1": {"data": [0.44914022923226044, 0.0925810400897788], "target": -1}, "data_2": {"data": [-0.24813814043686364, 0.11835130462406984], "target": -1}, "data_3": {"data": [-0.4777150456449923, 0.1289266652291202], "target": -1}, "data_4": {"data": [0.11767294807999815, -0.13832192265542542], "target": 1}, "data_5": {"data": [0.09853721312004754, 0.42859854553180077], "target": -1}, "data_6": {"data": [0.034398414769097344, 0.5352674883637712], "target": -1}, "data_7": {"data": [0.5011879914945268, -0.2795775330228045], "target": 1}, "data_8": {"data": [0.3166821050038644, 0.2188656969901334], "target": -1}, "data_9": {"data": [0.12457642028292838, 0.14951694029746834], "target": 1}, "data_10": {"data": [0.44600937795490175, -0.21645431193370576], "target": 1}, "data_11": {"data": [0.5120263143418827, -0.2206448300027732], "target": 1}, "data_12": {"data": [-0.09164935934976857, 0.11012842460748938], "target": 1}, "data_13": {"data": [-0.3604825991627186, 0.2307519046078581], "target": -1}, "data_14": {"data": [-0.2722488611148981, 0.3350859813769923], "target": -1}, "data_15": {"data": [0.19605475738986422, -0.1869655490849322], "target": 1}, "data_16": {"data": [-0.0492117499073859, 0.061747703348685075], "target": 1}, "data_17": {"data": [0.024091473081981184, 0.07596837373979388], "target": 1}, "data_18": {"data": [0.40541565541169694, -0.22911585519493166], "target": 1}, "data_19": {"data": [0.014336357147911889, 0.15431185177835016], "target": 1}, "data_20": {"data": [0.005762092536595916, 0.03216283004207608], "target": 1}, "data_21": {"data": [0.1699092054908188, 0.5400088095991311], "target": -1}, "data_22": {"data": [0.5088701296043747, 0.12466733929463278], "target": -1}, "data_23": {"data": [0.7487072170228187, -0.0800112456614538], "target": 1}, "data_24": {"data": [-0.23619625860340052, 0.4318636723831008], "target": -1}, "data_25": {"data": [-0.10491510752294284, 0.4720520787876915], "target": -1}, "data_26": {"data": [-0.14467838591605764, 0.3938645289750653], "target": -1}, "data_27": {"data": [0.6869379237822575, -0.24504954271511234], "target": 1}, "data_28": {"data": [0.38723911187616844, 0.3270213486043192], "target": -1}, "data_29": {"data": [-0.295350812411028, 0.27341541413331805], "target": -1}, "data_30": {"data": [0.3751864951456129, -0.07850949542087744], "target": 1}, "data_31": {"data": [-0.3505660628538411, 0.22907341424889494], "target": -1}, "data_32": {"data": [0.5186829488838113, -0.2885579593006159], "target": 1}, "data_33": {"data": [-0.4573927307851596, 0.0313741058009477], "target": -1}, "data_34": {"data": [-0.05618115516000056, 0.0341657174622216], "target": 1}, "data_35": {"data": [-0.21344900955780174, 0.37194887779432384], "target": -1}, "data_36": {"data": [-0.016423984699711843, 0.10085941390462841], "target": 1}, "data_37": {"data": [-0.09422388103184139, 0.6683536564259951], "target": -1}, "data_38": {"data": [0.7435085976596478, 0.21516039905716575], "target": 1}, "data_39": {"data": [-0.26894331643615876, 0.2323302391041677], "target": -1}, "data_40": {"data": [0.30395045371209883, 0.2859878661749597], "target": -1}, "data_41": {"data": [-0.1542606972267042, 0.11325073378643596], "target": -1}, "data_42": {"data": [0.759769120689351, -0.1015164511264214], "target": 1}, "data_43": {"data": [0.10072445149490132, 0.33266766161507144], "target": -1}, "data_44": {"data": [0.19000085916296874, -0.08332674029655271], "target": 1}, "data_45": {"data": [0.13660946626248074, 0.5181832255421045], "target": -1}, "data_46": {"data": [0.21408237639740774, -0.31151060326887725], "target": 1}, "data_47": {"data": [0.8572252158726417, 0.22341600672668552], "target": 1}, "data_48": {"data": [-0.3690332209941881, 0.2760791937586107], "target": -1}, "data_49": {"data": [0.6378069962228361, -0.15691333965538756], "target": 1}, "data_50": {"data": [0.9434932465438038, 0.19874590304524195], "target": 1}, "data_51": {"data": [0.18796881431344362, -0.1517428309740874], "target": 1}, "data_52": {"data": [-0.07009060893957121, 0.15351052081449446], "target": 1}, "data_53": {"data": [0.5321946901655695, -0.1442839566162145], "target": 1}, "data_54": {"data": [0.4693725159339927, 0.18520756722681592], "target": -1}, "data_55": {"data": [0.503619308041451, -0.23993510035243515], "target": 1}, "data_56": {"data": [0.15366815295214534, -0.29783323222677743], "target": 1}, "data_57": {"data": [0.2958301713730372, -0.13363483264342702], "target": 1}, "data_58": {"data": [0.1352081210514431, 0.35827640934832616], "target": -1}, "data_59": {"data": [0.8171272365073089, 0.29038754291001795], "target": 1}, "data_60": {"data": [0.24980795471284142, 0.3126114526149557], "target": -1}, "data_61": {"data": [0.5355354073572854, -0.2006689992340054], "target": 1}, "data_62": {"data": [0.02357143784049134, 0.20701638211868847], "target": 1}, "data_63": {"data": [0.041773364066007554, 0.28371065449341326], "target": -1}, "data_64": {"data": [0.22484721236357905, 0.31980683131603754], "target": -1}, "data_65": {"data": [0.6881769149287013, -0.16754732812252227], "target": 1}, "data_66": {"data": [-0.0986214876385991, 0.3305870826293079], "target": -1}, "data_67": {"data": [0.08992607771460062, 0.2824521031364664], "target": 1}, "data_68": {"data": [-0.05227646785168597, 0.42057645903098906], "target": -1}, "data_69": {"data": [0.08663833541653068, -0.02308844744234102], "target": 1}, "data_70": {"data": [0.1413800980171743, -0.18646549955554426], "target": 1}, "data_71": {"data": [0.6006770673294419, -0.0971389477526533], "target": 1}, "data_72": {"data": [0.6227384008124602, -0.13667074303255758], "target": 1}, "data_73": {"data": [0.484070356870357, -0.2146480903901973], "target": 1}, "data_74": {"data": [0.4607424397895807, 0.033439770444930794], "target": -1}, "data_75": {"data": [-0.04374685747672927, 0.4585839128526018], "target": -1}, "data_76": {"data": [0.4280457997002663, -0.0544556470112958], "target": -1}, "data_77": {"data": [0.2303152493971988, -0.09904695259026679], "target": 1}, "data_78": {"data": [0.19730241934031484, 0.038539267924237744], "target": 1}, "data_79": {"data": [0.309802983015278, -0.18619728944098898], "target": 1}, "data_80": {"data": [0.3909958072607623, -0.25693976408754643], "target": 1}, "data_81": {"data": [0.42123345905011095, 0.27008838779135164], "target": -1}, "data_82": {"data": [0.6159984347917136, -0.2386582929728741], "target": 1}, "data_83": {"data": [-0.2662657450836013, 0.26693268926853536], "target": -1}, "data_84": {"data": [0.24349144703822434, -0.09461973931827847], "target": 1}, "data_85": {"data": [0.008522087991708446, 0.5041479867390436], "target": -1}, "data_86": {"data": [0.4850396571471846, 0.24102970088377187], "target": -1}, "data_87": {"data": [0.6341626468676379, -0.24618569098844853], "target": 1}, "data_88": {"data": [-0.5818361450571179, 0.09579649147148796], "target": -1}, "data_89": {"data": [0.38868677309659055, 0.10081551385716564], "target": -1}, "data_90": {"data": [0.2558317102861401, 0.3207943225788116], "target": -1}, "data_91": {"data": [0.0043457962903163646, -0.053951804403228325], "target": 1}, "data_92": {"data": [0.8300530640829654, 0.004721007906612794], "target": 1}, "data_93": {"data": [0.33470510944253723, 0.21015058806384496], "target": -1}, "data_94": {"data": [-0.3633313127136167, 0.04975812713206646], "target": -1}, "data_95": {"data": [-0.4586076263127907, 0.19844935371026287], "target": -1}, "data_96": {"data": [0.08106675261323784, -0.15499031208905167], "target": 1}, "data_97": {"data": [0.07226927820677066, -0.16649353052673665], "target": 1}, "data_98": {"data": [-0.4409405263414807, 0.24864720054834838], "target": -1}, "data_99": {"data": [0.4241354880435052, 0.19589687215865265], "target": -1}}