{"epoch_1": {"loss": 0.513031542301178, "acc": 0.46}, "epoch_2": {"loss": 0.5120664238929749, "acc": 0.46}, "epoch_3": {"loss": 0.5111278891563416, "acc": 0.46}, "epoch_4": {"loss": 0.5102157592773438, "acc": 0.46}, "epoch_5": {"loss": 0.5093275904655457, "acc": 0.46}, "epoch_6": {"loss": 0.5084609389305115, "acc": 0.46}, "epoch_7": {"loss": 0.5076145529747009, "acc": 0.46}, "epoch_8": {"loss": 0.5067878365516663, "acc": 0.46}, "epoch_9": {"loss": 0.5059800744056702, "acc": 0.46}, "epoch_10": {"loss": 0.5051902532577515, "acc": 0.46}, "epoch_11": {"loss": 0.5044170022010803, "acc": 0.46}, "epoch_12": {"loss": 0.503658652305603, "acc": 0.46}, "epoch_13": {"loss": 0.5029132962226868, "acc": 0.46}, "epoch_14": {"loss": 0.5021786093711853, "acc": 0.46}, "epoch_15": {"loss": 0.5014523863792419, "acc": 0.46}, "epoch_16": {"loss": 0.5007320046424866, "acc": 0.46}, "epoch_17": {"loss": 0.5000150799751282, "acc": 0.46}, "epoch_18": {"loss": 0.49929893016815186, "acc": 0.46}, "epoch_19": {"loss": 0.4985809922218323, "acc": 0.46}, "epoch_20": {"loss": 0.4978586435317993, "acc": 0.46}, "epoch_21": {"loss": 0.49712929129600525, "acc": 0.46}, "epoch_22": {"loss": 0.49639037251472473, "acc": 0.46}, "epoch_23": {"loss": 0.4956394135951996, "acc": 0.46}, "epoch_24": {"loss": 0.49487417936325073, "acc": 0.46}, "epoch_25": {"loss": 0.4940924048423767, "acc": 0.46}, "epoch_26": {"loss": 0.4932922124862671, "acc": 0.46}, "epoch_27": {"loss": 0.49247169494628906, "acc": 0.46}, "epoch_28": {"loss": 0.4916292428970337, "acc": 0.46}, "epoch_29": {"loss": 0.4907633066177368, "acc": 0.46}, "epoch_30": {"loss": 0.4898725748062134, "acc": 0.46}, "epoch_31": {"loss": 0.4889555275440216, "acc": 0.46}, "epoch_32": {"loss": 0.4880111515522003, "acc": 0.46}, "epoch_33": {"loss": 0.487038254737854, "acc": 0.46}, "epoch_34": {"loss": 0.48603591322898865, "acc": 0.46}, "epoch_35": {"loss": 0.4850030839443207, "acc": 0.46}, "epoch_36": {"loss": 0.4839390218257904, "acc": 0.46}, "epoch_37": {"loss": 0.4828430116176605, "acc": 0.46}, "epoch_38": {"loss": 0.48171454668045044, "acc": 0.46}, "epoch_39": {"loss": 0.48055312037467957, "acc": 0.46}, "epoch_40": {"loss": 0.479358434677124, "acc": 0.46}, "epoch_41": {"loss": 0.47813040018081665, "acc": 0.46}, "epoch_42": {"loss": 0.47686895728111267, "acc": 0.46}, "epoch_43": {"loss": 0.47557422518730164, "acc": 0.46}, "epoch_44": {"loss": 0.4742465019226074, "acc": 0.46}, "epoch_45": {"loss": 0.47288626432418823, "acc": 0.46}, "epoch_46": {"loss": 0.47149404883384705, "acc": 0.46}, "epoch_47": {"loss": 0.47007060050964355, "acc": 0.48}, "epoch_48": {"loss": 0.4686168134212494, "acc": 0.48}, "epoch_49": {"loss": 0.46713370084762573, "acc": 0.48}, "epoch_50": {"loss": 0.4656223952770233, "acc": 0.5}, "epoch_51": {"loss": 0.4640842378139496, "acc": 0.5}, "epoch_52": {"loss": 0.4625205993652344, "acc": 0.5}, "epoch_53": {"loss": 0.46093299984931946, "acc": 0.5}, "epoch_54": {"loss": 0.45932310819625854, "acc": 0.5}, "epoch_55": {"loss": 0.45769259333610535, "acc": 0.5}, "epoch_56": {"loss": 0.45604339241981506, "acc": 0.5}, "epoch_57": {"loss": 0.45437726378440857, "acc": 0.5}, "epoch_58": {"loss": 0.45269638299942017, "acc": 0.5}, "epoch_59": {"loss": 0.45100271701812744, "acc": 0.5}, "epoch_60": {"loss": 0.4492983818054199, "acc": 0.52}, "epoch_61": {"loss": 0.4475856423377991, "acc": 0.54}, "epoch_62": {"loss": 0.44586658477783203, "acc": 0.54}, "epoch_63": {"loss": 0.4441434144973755, "acc": 0.54}, "epoch_64": {"loss": 0.44241851568222046, "acc": 0.54}, "epoch_65": {"loss": 0.4406939744949341, "acc": 0.54}, "epoch_66": {"loss": 0.4389720857143402, "acc": 0.56}, "epoch_67": {"loss": 0.43725502490997314, "acc": 0.58}, "epoch_68": {"loss": 0.4355449974536896, "acc": 0.58}, "epoch_69": {"loss": 0.43384408950805664, "acc": 0.6}, "epoch_70": {"loss": 0.4321542978286743, "acc": 0.62}, "epoch_71": {"loss": 0.43047767877578735, "acc": 0.66}, "epoch_72": {"loss": 0.4288160502910614, "acc": 0.66}, "epoch_73": {"loss": 0.4271713197231293, "acc": 0.66}, "epoch_74": {"loss": 0.4255450963973999, "acc": 0.7}, "epoch_75": {"loss": 0.4239390194416046, "acc": 0.72}, "epoch_76": {"loss": 0.42235442996025085, "acc": 0.72}, "epoch_77": {"loss": 0.4207927882671356, "acc": 0.72}, "epoch_78": {"loss": 0.41925519704818726, "acc": 0.72}, "epoch_79": {"loss": 0.41774284839630127, "acc": 0.76}, "epoch_80": {"loss": 0.4162563979625702, "acc": 0.8}, "epoch_81": {"loss": 0.4147968292236328, "acc": 0.8}, "epoch_82": {"loss": 0.41336461901664734, "acc": 0.8}, "epoch_83": {"loss": 0.41196027398109436, "acc": 0.82}, "epoch_84": {"loss": 0.4105841815471649, "acc": 0.82}, "epoch_85": {"loss": 0.4092363715171814, "acc": 0.82}, "epoch_86": {"loss": 0.40791696310043335, "acc": 0.82}, "epoch_87": {"loss": 0.4066258668899536, "acc": 0.82}, "epoch_88": {"loss": 0.4053627550601959, "acc": 0.82}, "epoch_89": {"loss": 0.40412741899490356, "acc": 0.82}, "epoch_90": {"loss": 0.4029194116592407, "acc": 0.82}, "epoch_91": {"loss": 0.4017382264137268, "acc": 0.82}, "epoch_92": {"loss": 0.4005831778049469, "acc": 0.82}, "epoch_93": {"loss": 0.3994535803794861, "acc": 0.82}, "epoch_94": {"loss": 0.3983488082885742, "acc": 0.82}, "epoch_95": {"loss": 0.3972679674625397, "acc": 0.82}, "epoch_96": {"loss": 0.3962101638317108, "acc": 0.82}, "epoch_97": {"loss": 0.39517462253570557, "acc": 0.82}, "epoch_98": {"loss": 0.3941604495048523, "acc": 0.82}, "epoch_99": {"loss": 0.3931666612625122, "acc": 0.82}, "epoch_100": {"loss": 0.3921923041343689, "acc": 0.82}}